{
  "project_info": {
    "project_number": "417590597989",
    "firebase_url": "https://itp341finalproje-1554438054741.firebaseio.com",
    "project_id": "itp341finalproje-1554438054741",
    "storage_bucket": "itp341finalproje-1554438054741.appspot.com"
  },
  "client": [
    {
      "client_info": {
        "mobilesdk_app_id": "1:417590597989:android:1db4d1801491babd",
        "android_client_info": {
          "package_name": "com.itp341.cheung.sarah.finalprojectapp"
        }
      },
      "oauth_client": [
        {
          "client_id": "417590597989-tse33em9evmpm030fc1eltd4ubd85n9a.apps.googleusercontent.com",
          "client_type": 3
        }
      ],
      "api_key": [
        {
          "current_key": "AIzaSyClkhf39F2eKSvThERUhkNdNJI-CHImEZI"
        }
      ],
      "services": {
        "appinvite_service": {
          "other_platform_oauth_client": [
            {
              "client_id": "417590597989-tse33em9evmpm030fc1eltd4ubd85n9a.apps.googleusercontent.com",
              "client_type": 3
            }
          ]
        }
      },
      "admob_app_id": "ca-app-pub-6694345169411232~2736847660"
    },
    {
      "client_info": {
        "mobilesdk_app_id": "1:417590597989:android:a79aad0eee5dbe9a",
        "android_client_info": {
          "package_name": "itp341.cheung.sarah.finalprojectcheungsarah"
        }
      },
      "oauth_client": [
        {
          "client_id": "417590597989-tse33em9evmpm030fc1eltd4ubd85n9a.apps.googleusercontent.com",
          "client_type": 3
        }
      ],
      "api_key": [
        {
          "current_key": "AIzaSyClkhf39F2eKSvThERUhkNdNJI-CHImEZI"
        }
      ],
      "services": {
        "appinvite_service": {
          "other_platform_oauth_client": [
            {
              "client_id": "417590597989-tse33em9evmpm030fc1eltd4ubd85n9a.apps.googleusercontent.com",
              "client_type": 3
            }
          ]
        }
      }
    }
  ],
  "configuration_version": "1"
}